age,qx_M,qx_F
0,0.002610,0.002140
1,0.000240,0.000240
2,0.000180,0.000160
3,0.000130,0.000100
4,0.000100,0.000080
5,0.000090,0.000080
6,0.000080,0.000080
7,0.000070,0.000080
8,0.000060,0.000060
9,0.000060,0.000050
10,0.000080,0.000050
11,0.000090,0.000060
12,0.000120,0.000080
13,0.000140,0.000110
14,0.000160,0.000140
15,0.000180,0.000160
16,0.000220,0.000190
17,0.000250,0.000220
18,0.000280,0.000250
19,0.000300,0.000260
20,0.000320,0.000270
21,0.000350,0.000280
22,0.000380,0.000300
23,0.000430,0.000310
24,0.000470,0.000310
25,0.000510,0.000310
26,0.000550,0.000330
27,0.000590,0.000350
28,0.000620,0.000380
29,0.000650,0.000400
30,0.000680,0.000410
31,0.000710,0.000410
32,0.000740,0.000420
33,0.000770,0.000430
34,0.000790,0.000450
35,0.000830,0.000480
36,0.000890,0.000520
37,0.000970,0.000580
38,0.001060,0.000640
39,0.001150,0.000720
40,0.001230,0.000780
41,0.001330,0.000830
42,0.001430,0.000860
43,0.001540,0.000880
44,0.001670,0.000900
45,0.001810,0.000940
46,0.001960,0.001020
47,0.002140,0.001110
48,0.002360,0.001200
49,0.002590,0.001280
50,0.002840,0.001360
51,0.003090,0.001460
52,0.003350,0.001550
53,0.003650,0.001620
54,0.004000,0.001680
55,0.004390,0.001740
56,0.004770,0.001830
57,0.005130,0.001940
58,0.005530,0.002070
59,0.005960,0.002180
60,0.006450,0.002300
61,0.006990,0.002470
62,0.007590,0.002700
63,0.008190,0.002990
64,0.008780,0.003280
65,0.009410,0.003550
66,0.010200,0.003860
67,0.011170,0.004230
68,0.012290,0.004710
69,0.013640,0.005310
70,0.015230,0.005990
71,0.017050,0.006780
72,0.019100,0.007700
73,0.021200,0.008760
74,0.023600,0.010080
75,0.026090,0.011560
76,0.028950,0.013350
77,0.032240,0.015470
78,0.036320,0.018120
79,0.041880,0.021520
80,0.048700,0.025580
81,0.056450,0.030300
82,0.064760,0.035850
83,0.073520,0.042170
84,0.083550,0.049590
85,0.094630,0.057870
86,0.106780,0.067200
87,0.120030,0.077640
88,0.134410,0.089240
89,0.149930,0.102060
90,0.166610,0.116130
91,0.184440,0.131470
92,0.203400,0.148090
93,0.223460,0.165960
94,0.244550,0.185050
95,0.266620,0.205290
96,0.289570,0.226600
97,0.313300,0.248850
98,0.337680,0.271900
99,0.362560,0.295590
100,0.397483,0.331992
101,0.428907,0.364309
102,0.461748,0.398739
103,0.495868,0.435182
104,0.531082,0.473479
105,0.567163,0.513396
106,0.603836,0.554624
107,0.640779,0.596770
108,0.677631,0.639362
109,0.713994,0.681850
110,1.000000,1.000000
